,temperature,windspeed,event
1/1/2017,32,6,Rain
1/2/2017,31,7,Rain
1/3/2017,30,8,Rain
1/4/2017,29,9,Sunny
1/5/2017,28,8,Snow
1/6/2017,30,7,Snow
1/7/2017,32,7.25,Rain
1/8/2017,32.66666667,7.5,Sunny
1/9/2017,33.33333333,7.75,Sunny
1/10/2017,34,8,Cloudy
1/11/2017,40,12,Sunny
